path,location
\.vscode,BuildOnly
\.vscode\settings.json,BuildOnly
\assets,BuildOnly
\assets\ttquotes.ico,BuildOnly
\CHANGELOG.md,BuildOnly
\config,BuildOnly
\config\allowlist.json,BuildOnly
\docs,BuildOnly
\docs\ARCHITECTURE.md,BuildOnly
\docs\OPERATIONS.md,BuildOnly
\docs\SECURITY.md,BuildOnly
\docs\USER_GUIDE.md,BuildOnly
\extended-settings.backup.html,BuildOnly
\extended-settings.backup2.html,BuildOnly
\extended-settings.html,BuildOnly
\extended-settings.html.bak,BuildOnly
\index.backup.html,BuildOnly
\index.html,BuildOnly
\index.html.bak,BuildOnly
\logs,BuildOnly
\logs\combined.log,BuildOnly
\logs\error.log,BuildOnly
\main.backup.js,BuildOnly
\main.js,BuildOnly
\modules,BuildOnly
\modules\allowlist.js,BuildOnly
\modules\AnalyticsManager.js,BuildOnly
\modules\config.js,BuildOnly
\modules\displays.js,BuildOnly
\modules\DisplayService.js,BuildOnly
\modules\ExtendedConfig.js,BuildOnly
\modules\favorites.js,BuildOnly
\modules\favourites-seed.js,BuildOnly
\modules\ipc,BuildOnly
\modules\ipc\displayHandlers.js,BuildOnly
\modules\ipc\favoritesHandlers.js,BuildOnly
\modules\logger.js,BuildOnly
\modules\PerformanceMonitor.js,BuildOnly
\modules\RefreshManager.js,BuildOnly
\modules\refreshManagerSingleton.js,BuildOnly
\modules\safeLoad.js,BuildOnly
\modules\security.js,BuildOnly
\modules\updateManager.js,BuildOnly
\modules\utils.js,BuildOnly
\modules\wartebildschirme.js,BuildOnly
\modules\WindowManager.backup.js,BuildOnly
\modules\WindowManager.js,BuildOnly
\node_modules,BuildOnly
\node_modules\@colors,BuildOnly
\node_modules\@colors\colors,BuildOnly
\node_modules\@colors\colors\lib,BuildOnly
\node_modules\@colors\colors\lib\colors.js,BuildOnly
\node_modules\@colors\colors\lib\custom,BuildOnly
\node_modules\@colors\colors\lib\custom\trap.js,BuildOnly
\node_modules\@colors\colors\lib\custom\zalgo.js,BuildOnly
\node_modules\@colors\colors\lib\extendStringPrototype.js,BuildOnly
\node_modules\@colors\colors\lib\index.js,BuildOnly
\node_modules\@colors\colors\lib\maps,BuildOnly
\node_modules\@colors\colors\lib\maps\america.js,BuildOnly
\node_modules\@colors\colors\lib\maps\rainbow.js,BuildOnly
\node_modules\@colors\colors\lib\maps\random.js,BuildOnly
\node_modules\@colors\colors\lib\maps\zebra.js,BuildOnly
\node_modules\@colors\colors\lib\styles.js,BuildOnly
\node_modules\@colors\colors\lib\system,BuildOnly
\node_modules\@colors\colors\lib\system\has-flag.js,BuildOnly
\node_modules\@colors\colors\lib\system\supports-colors.js,BuildOnly
\node_modules\@colors\colors\LICENSE,BuildOnly
\node_modules\@colors\colors\package.json,BuildOnly
\node_modules\@colors\colors\safe.js,BuildOnly
\node_modules\@colors\colors\themes,BuildOnly
\node_modules\@colors\colors\themes\generic-logging.js,BuildOnly
\node_modules\@dabh,BuildOnly
\node_modules\@dabh\diagnostics,BuildOnly
\node_modules\@dabh\diagnostics\adapters,BuildOnly
\node_modules\@dabh\diagnostics\adapters\hash.js,BuildOnly
\node_modules\@dabh\diagnostics\adapters\index.js,BuildOnly
\node_modules\@dabh\diagnostics\adapters\localstorage.js,BuildOnly
\node_modules\@dabh\diagnostics\adapters\process.env.js,BuildOnly
\node_modules\@dabh\diagnostics\browser,BuildOnly
\node_modules\@dabh\diagnostics\browser\development.js,BuildOnly
\node_modules\@dabh\diagnostics\browser\index.js,BuildOnly
\node_modules\@dabh\diagnostics\browser\override.js,BuildOnly
\node_modules\@dabh\diagnostics\browser\production.js,BuildOnly
\node_modules\@dabh\diagnostics\diagnostics.js,BuildOnly
\node_modules\@dabh\diagnostics\LICENSE,BuildOnly
\node_modules\@dabh\diagnostics\logger,BuildOnly
\node_modules\@dabh\diagnostics\logger\console.js,BuildOnly
\node_modules\@dabh\diagnostics\modifiers,BuildOnly
\node_modules\@dabh\diagnostics\modifiers\namespace.js,BuildOnly
\node_modules\@dabh\diagnostics\modifiers\namespace-ansi.js,BuildOnly
\node_modules\@dabh\diagnostics\node,BuildOnly
\node_modules\@dabh\diagnostics\node\development.js,BuildOnly
\node_modules\@dabh\diagnostics\node\index.js,BuildOnly
\node_modules\@dabh\diagnostics\node\override.js,BuildOnly
\node_modules\@dabh\diagnostics\node\production.js,BuildOnly
\node_modules\@dabh\diagnostics\package.json,BuildOnly
\node_modules\applescript,BuildOnly
\node_modules\applescript\History.md,BuildOnly
\node_modules\applescript\lib,BuildOnly
\node_modules\applescript\lib\applescript.js,BuildOnly
\node_modules\applescript\lib\applescript-parser.js,BuildOnly
\node_modules\applescript\LICENSE,BuildOnly
\node_modules\applescript\package.json,BuildOnly
\node_modules\applescript\samples,BuildOnly
\node_modules\applescript\samples\execFile.js,BuildOnly
\node_modules\applescript\samples\execString.js,BuildOnly
\node_modules\applescript\samples\fail-case.applescript,BuildOnly
\node_modules\applescript\samples\locationCurrentTrack.applescript,BuildOnly
\node_modules\argparse,BuildOnly
\node_modules\argparse\argparse.js,BuildOnly
\node_modules\argparse\lib,BuildOnly
\node_modules\argparse\lib\sub.js,BuildOnly
\node_modules\argparse\lib\textwrap.js,BuildOnly
\node_modules\argparse\LICENSE,BuildOnly
\node_modules\argparse\package.json,BuildOnly
\node_modules\async,BuildOnly
\node_modules\async\all.js,BuildOnly
\node_modules\async\allLimit.js,BuildOnly
\node_modules\async\allSeries.js,BuildOnly
\node_modules\async\any.js,BuildOnly
\node_modules\async\anyLimit.js,BuildOnly
\node_modules\async\anySeries.js,BuildOnly
\node_modules\async\apply.js,BuildOnly
\node_modules\async\applyEach.js,BuildOnly
\node_modules\async\applyEachSeries.js,BuildOnly
\node_modules\async\asyncify.js,BuildOnly
\node_modules\async\auto.js,BuildOnly
\node_modules\async\autoInject.js,BuildOnly
\node_modules\async\bower.json,BuildOnly
\node_modules\async\cargo.js,BuildOnly
\node_modules\async\cargoQueue.js,BuildOnly
\node_modules\async\compose.js,BuildOnly
\node_modules\async\concat.js,BuildOnly
\node_modules\async\concatLimit.js,BuildOnly
\node_modules\async\concatSeries.js,BuildOnly
\node_modules\async\constant.js,BuildOnly
\node_modules\async\detect.js,BuildOnly
\node_modules\async\detectLimit.js,BuildOnly
\node_modules\async\detectSeries.js,BuildOnly
\node_modules\async\dir.js,BuildOnly
\node_modules\async\dist,BuildOnly
\node_modules\async\dist\async.js,BuildOnly
\node_modules\async\dist\async.min.js,BuildOnly
\node_modules\async\dist\async.mjs,BuildOnly
\node_modules\async\doDuring.js,BuildOnly
\node_modules\async\doUntil.js,BuildOnly
\node_modules\async\doWhilst.js,BuildOnly
\node_modules\async\during.js,BuildOnly
\node_modules\async\each.js,BuildOnly
\node_modules\async\eachLimit.js,BuildOnly
\node_modules\async\eachOf.js,BuildOnly
\node_modules\async\eachOfLimit.js,BuildOnly
\node_modules\async\eachOfSeries.js,BuildOnly
\node_modules\async\eachSeries.js,BuildOnly
\node_modules\async\ensureAsync.js,BuildOnly
\node_modules\async\every.js,BuildOnly
\node_modules\async\everyLimit.js,BuildOnly
\node_modules\async\everySeries.js,BuildOnly
\node_modules\async\filter.js,BuildOnly
\node_modules\async\filterLimit.js,BuildOnly
\node_modules\async\filterSeries.js,BuildOnly
\node_modules\async\find.js,BuildOnly
\node_modules\async\findLimit.js,BuildOnly
\node_modules\async\findSeries.js,BuildOnly
\node_modules\async\flatMap.js,BuildOnly
\node_modules\async\flatMapLimit.js,BuildOnly
\node_modules\async\flatMapSeries.js,BuildOnly
\node_modules\async\foldl.js,BuildOnly
\node_modules\async\foldr.js,BuildOnly
\node_modules\async\forEach.js,BuildOnly
\node_modules\async\forEachLimit.js,BuildOnly
\node_modules\async\forEachOf.js,BuildOnly
\node_modules\async\forEachOfLimit.js,BuildOnly
\node_modules\async\forEachOfSeries.js,BuildOnly
\node_modules\async\forEachSeries.js,BuildOnly
\node_modules\async\forever.js,BuildOnly
\node_modules\async\groupBy.js,BuildOnly
\node_modules\async\groupByLimit.js,BuildOnly
\node_modules\async\groupBySeries.js,BuildOnly
\node_modules\async\index.js,BuildOnly
\node_modules\async\inject.js,BuildOnly
\node_modules\async\internal,BuildOnly
\node_modules\async\internal\applyEach.js,BuildOnly
\node_modules\async\internal\asyncEachOfLimit.js,BuildOnly
\node_modules\async\internal\awaitify.js,BuildOnly
\node_modules\async\internal\breakLoop.js,BuildOnly
\node_modules\async\internal\consoleFunc.js,BuildOnly
\node_modules\async\internal\createTester.js,BuildOnly
\node_modules\async\internal\DoublyLinkedList.js,BuildOnly
\node_modules\async\internal\eachOfLimit.js,BuildOnly
\node_modules\async\internal\filter.js,BuildOnly
\node_modules\async\internal\getIterator.js,BuildOnly
\node_modules\async\internal\Heap.js,BuildOnly
\node_modules\async\internal\initialParams.js,BuildOnly
\node_modules\async\internal\isArrayLike.js,BuildOnly
\node_modules\async\internal\iterator.js,BuildOnly
\node_modules\async\internal\map.js,BuildOnly
\node_modules\async\internal\once.js,BuildOnly
\node_modules\async\internal\onlyOnce.js,BuildOnly
\node_modules\async\internal\parallel.js,BuildOnly
\node_modules\async\internal\promiseCallback.js,BuildOnly
\node_modules\async\internal\queue.js,BuildOnly
\node_modules\async\internal\range.js,BuildOnly
\node_modules\async\internal\reject.js,BuildOnly
\node_modules\async\internal\setImmediate.js,BuildOnly
\node_modules\async\internal\withoutIndex.js,BuildOnly
\node_modules\async\internal\wrapAsync.js,BuildOnly
\node_modules\async\LICENSE,BuildOnly
\node_modules\async\log.js,BuildOnly
\node_modules\async\map.js,BuildOnly
\node_modules\async\mapLimit.js,BuildOnly
\node_modules\async\mapSeries.js,BuildOnly
\node_modules\async\mapValues.js,BuildOnly
\node_modules\async\mapValuesLimit.js,BuildOnly
\node_modules\async\mapValuesSeries.js,BuildOnly
\node_modules\async\memoize.js,BuildOnly
\node_modules\async\nextTick.js,BuildOnly
\node_modules\async\package.json,BuildOnly
\node_modules\async\parallel.js,BuildOnly
\node_modules\async\parallelLimit.js,BuildOnly
\node_modules\async\priorityQueue.js,BuildOnly
\node_modules\async\queue.js,BuildOnly
\node_modules\async\race.js,BuildOnly
\node_modules\async\reduce.js,BuildOnly
\node_modules\async\reduceRight.js,BuildOnly
\node_modules\async\reflect.js,BuildOnly
\node_modules\async\reflectAll.js,BuildOnly
\node_modules\async\reject.js,BuildOnly
\node_modules\async\rejectLimit.js,BuildOnly
\node_modules\async\rejectSeries.js,BuildOnly
\node_modules\async\retry.js,BuildOnly
\node_modules\async\retryable.js,BuildOnly
\node_modules\async\select.js,BuildOnly
\node_modules\async\selectLimit.js,BuildOnly
\node_modules\async\selectSeries.js,BuildOnly
\node_modules\async\seq.js,BuildOnly
\node_modules\async\series.js,BuildOnly
\node_modules\async\setImmediate.js,BuildOnly
\node_modules\async\some.js,BuildOnly
\node_modules\async\someLimit.js,BuildOnly
\node_modules\async\someSeries.js,BuildOnly
\node_modules\async\sortBy.js,BuildOnly
\node_modules\async\timeout.js,BuildOnly
\node_modules\async\times.js,BuildOnly
\node_modules\async\timesLimit.js,BuildOnly
\node_modules\async\timesSeries.js,BuildOnly
\node_modules\async\transform.js,BuildOnly
\node_modules\async\tryEach.js,BuildOnly
\node_modules\async\unmemoize.js,BuildOnly
\node_modules\async\until.js,BuildOnly
\node_modules\async\waterfall.js,BuildOnly
\node_modules\async\whilst.js,BuildOnly
\node_modules\async\wrapSync.js,BuildOnly
\node_modules\auto-launch,BuildOnly
\node_modules\auto-launch\dist,BuildOnly
\node_modules\auto-launch\dist\AutoLaunchLinux.js,BuildOnly
\node_modules\auto-launch\dist\AutoLaunchMac.js,BuildOnly
\node_modules\auto-launch\dist\AutoLaunchWindows.js,BuildOnly
\node_modules\auto-launch\dist\fileBasedUtilities.js,BuildOnly
\node_modules\auto-launch\dist\index.js,BuildOnly
\node_modules\auto-launch\LICENSE.md,BuildOnly
\node_modules\auto-launch\package.json,BuildOnly
\node_modules\color,BuildOnly
\node_modules\color\index.js,BuildOnly
\node_modules\color\LICENSE,BuildOnly
\node_modules\color\node_modules,BuildOnly
\node_modules\color\node_modules\color-convert,BuildOnly
\node_modules\color\node_modules\color-convert\conversions.js,BuildOnly
\node_modules\color\node_modules\color-convert\index.js,BuildOnly
\node_modules\color\node_modules\color-convert\LICENSE,BuildOnly
\node_modules\color\node_modules\color-convert\package.json,BuildOnly
\node_modules\color\node_modules\color-convert\route.js,BuildOnly
\node_modules\color\node_modules\color-name,BuildOnly
\node_modules\color\node_modules\color-name\.eslintrc.json,BuildOnly
\node_modules\color\node_modules\color-name\index.js,BuildOnly
\node_modules\color\node_modules\color-name\LICENSE,BuildOnly
\node_modules\color\node_modules\color-name\package.json,BuildOnly
\node_modules\color\node_modules\color-name\test.js,BuildOnly
\node_modules\color\package.json,BuildOnly
\node_modules\color-name,BuildOnly
\node_modules\color-name\index.js,BuildOnly
\node_modules\color-name\LICENSE,BuildOnly
\node_modules\color-name\package.json,BuildOnly
\node_modules\colorspace,BuildOnly
\node_modules\colorspace\index.js,BuildOnly
\node_modules\colorspace\LICENSE.md,BuildOnly
\node_modules\colorspace\package.json,BuildOnly
\node_modules\color-string,BuildOnly
\node_modules\color-string\index.js,BuildOnly
\node_modules\color-string\LICENSE,BuildOnly
\node_modules\color-string\package.json,BuildOnly
\node_modules\debug,BuildOnly
\node_modules\debug\LICENSE,BuildOnly
\node_modules\debug\package.json,BuildOnly
\node_modules\debug\src,BuildOnly
\node_modules\debug\src\browser.js,BuildOnly
\node_modules\debug\src\common.js,BuildOnly
\node_modules\debug\src\index.js,BuildOnly
\node_modules\debug\src\node.js,BuildOnly
\node_modules\electron-updater,BuildOnly
\node_modules\electron-updater\LICENSE,BuildOnly
\node_modules\electron-updater\node_modules,BuildOnly
\node_modules\electron-updater\node_modules\builder-util-runtime,BuildOnly
\node_modules\electron-updater\node_modules\builder-util-runtime\LICENSE,BuildOnly
\node_modules\electron-updater\node_modules\builder-util-runtime\out,BuildOnly
\node_modules\electron-updater\node_modules\builder-util-runtime\out\blockMapApi.js,BuildOnly
\node_modules\electron-updater\node_modules\builder-util-runtime\out\blockMapApi.js.map,BuildOnly
\node_modules\electron-updater\node_modules\builder-util-runtime\out\CancellationToken.js,BuildOnly
\node_modules\electron-updater\node_modules\builder-util-runtime\out\CancellationToken.js.map,BuildOnly
\node_modules\electron-updater\node_modules\builder-util-runtime\out\error.js,BuildOnly
\node_modules\electron-updater\node_modules\builder-util-runtime\out\error.js.map,BuildOnly
\node_modules\electron-updater\node_modules\builder-util-runtime\out\httpExecutor.js,BuildOnly
\node_modules\electron-updater\node_modules\builder-util-runtime\out\httpExecutor.js.map,BuildOnly
\node_modules\electron-updater\node_modules\builder-util-runtime\out\index.js,BuildOnly
\node_modules\electron-updater\node_modules\builder-util-runtime\out\index.js.map,BuildOnly
\node_modules\electron-updater\node_modules\builder-util-runtime\out\MemoLazy.js,BuildOnly
\node_modules\electron-updater\node_modules\builder-util-runtime\out\MemoLazy.js.map,BuildOnly
\node_modules\electron-updater\node_modules\builder-util-runtime\out\ProgressCallbackTransform.js,BuildOnly
\node_modules\electron-updater\node_modules\builder-util-runtime\out\ProgressCallbackTransform.js.map,BuildOnly
\node_modules\electron-updater\node_modules\builder-util-runtime\out\publishOptions.js,BuildOnly
\node_modules\electron-updater\node_modules\builder-util-runtime\out\publishOptions.js.map,BuildOnly
\node_modules\electron-updater\node_modules\builder-util-runtime\out\retry.js,BuildOnly
\node_modules\electron-updater\node_modules\builder-util-runtime\out\retry.js.map,BuildOnly
\node_modules\electron-updater\node_modules\builder-util-runtime\out\rfc2253Parser.js,BuildOnly
\node_modules\electron-updater\node_modules\builder-util-runtime\out\rfc2253Parser.js.map,BuildOnly
\node_modules\electron-updater\node_modules\builder-util-runtime\out\updateInfo.js,BuildOnly
\node_modules\electron-updater\node_modules\builder-util-runtime\out\updateInfo.js.map,BuildOnly
\node_modules\electron-updater\node_modules\builder-util-runtime\out\uuid.js,BuildOnly
\node_modules\electron-updater\node_modules\builder-util-runtime\out\uuid.js.map,BuildOnly
\node_modules\electron-updater\node_modules\builder-util-runtime\out\xml.js,BuildOnly
\node_modules\electron-updater\node_modules\builder-util-runtime\out\xml.js.map,BuildOnly
\node_modules\electron-updater\node_modules\builder-util-runtime\package.json,BuildOnly
\node_modules\electron-updater\out,BuildOnly
\node_modules\electron-updater\out\AppAdapter.js,BuildOnly
\node_modules\electron-updater\out\AppAdapter.js.map,BuildOnly
\node_modules\electron-updater\out\AppImageUpdater.js,BuildOnly
\node_modules\electron-updater\out\AppImageUpdater.js.map,BuildOnly
\node_modules\electron-updater\out\AppUpdater.js,BuildOnly
\node_modules\electron-updater\out\AppUpdater.js.map,BuildOnly
\node_modules\electron-updater\out\BaseUpdater.js,BuildOnly
\node_modules\electron-updater\out\BaseUpdater.js.map,BuildOnly
\node_modules\electron-updater\out\DebUpdater.js,BuildOnly
\node_modules\electron-updater\out\DebUpdater.js.map,BuildOnly
\node_modules\electron-updater\out\differentialDownloader,BuildOnly
\node_modules\electron-updater\out\differentialDownloader\DataSplitter.js,BuildOnly
\node_modules\electron-updater\out\differentialDownloader\DataSplitter.js.map,BuildOnly
\node_modules\electron-updater\out\differentialDownloader\DifferentialDownloader.js,BuildOnly
\node_modules\electron-updater\out\differentialDownloader\DifferentialDownloader.js.map,BuildOnly
\node_modules\electron-updater\out\differentialDownloader\downloadPlanBuilder.js,BuildOnly
\node_modules\electron-updater\out\differentialDownloader\downloadPlanBuilder.js.map,BuildOnly
\node_modules\electron-updater\out\differentialDownloader\FileWithEmbeddedBlockMapDifferentialDownloader.js,BuildOnly
\node_modules\electron-updater\out\differentialDownloader\FileWithEmbeddedBlockMapDifferentialDownloader.js.map,BuildOnly
\node_modules\electron-updater\out\differentialDownloader\GenericDifferentialDownloader.js,BuildOnly
\node_modules\electron-updater\out\differentialDownloader\GenericDifferentialDownloader.js.map,BuildOnly
\node_modules\electron-updater\out\differentialDownloader\multipleRangeDownloader.js,BuildOnly
\node_modules\electron-updater\out\differentialDownloader\multipleRangeDownloader.js.map,BuildOnly
\node_modules\electron-updater\out\differentialDownloader\ProgressDifferentialDownloadCallbackTransform.js,BuildOnly
\node_modules\electron-updater\out\differentialDownloader\ProgressDifferentialDownloadCallbackTransform.js.map,BuildOnly
\node_modules\electron-updater\out\DownloadedUpdateHelper.js,BuildOnly
\node_modules\electron-updater\out\DownloadedUpdateHelper.js.map,BuildOnly
\node_modules\electron-updater\out\ElectronAppAdapter.js,BuildOnly
\node_modules\electron-updater\out\ElectronAppAdapter.js.map,BuildOnly
\node_modules\electron-updater\out\electronHttpExecutor.js,BuildOnly
\node_modules\electron-updater\out\electronHttpExecutor.js.map,BuildOnly
\node_modules\electron-updater\out\MacUpdater.js,BuildOnly
\node_modules\electron-updater\out\MacUpdater.js.map,BuildOnly
\node_modules\electron-updater\out\main.js,BuildOnly
\node_modules\electron-updater\out\main.js.map,BuildOnly
\node_modules\electron-updater\out\NsisUpdater.js,BuildOnly
\node_modules\electron-updater\out\NsisUpdater.js.map,BuildOnly
\node_modules\electron-updater\out\PacmanUpdater.js,BuildOnly
\node_modules\electron-updater\out\PacmanUpdater.js.map,BuildOnly
\node_modules\electron-updater\out\providerFactory.js,BuildOnly
\node_modules\electron-updater\out\providerFactory.js.map,BuildOnly
\node_modules\electron-updater\out\providers,BuildOnly
\node_modules\electron-updater\out\providers\BitbucketProvider.js,BuildOnly
\node_modules\electron-updater\out\providers\BitbucketProvider.js.map,BuildOnly
\node_modules\electron-updater\out\providers\GenericProvider.js,BuildOnly
\node_modules\electron-updater\out\providers\GenericProvider.js.map,BuildOnly
\node_modules\electron-updater\out\providers\GitHubProvider.js,BuildOnly
\node_modules\electron-updater\out\providers\GitHubProvider.js.map,BuildOnly
\node_modules\electron-updater\out\providers\KeygenProvider.js,BuildOnly
\node_modules\electron-updater\out\providers\KeygenProvider.js.map,BuildOnly
\node_modules\electron-updater\out\providers\PrivateGitHubProvider.js,BuildOnly
\node_modules\electron-updater\out\providers\PrivateGitHubProvider.js.map,BuildOnly
\node_modules\electron-updater\out\providers\Provider.js,BuildOnly
\node_modules\electron-updater\out\providers\Provider.js.map,BuildOnly
\node_modules\electron-updater\out\RpmUpdater.js,BuildOnly
\node_modules\electron-updater\out\RpmUpdater.js.map,BuildOnly
\node_modules\electron-updater\out\types.js,BuildOnly
\node_modules\electron-updater\out\types.js.map,BuildOnly
\node_modules\electron-updater\out\util.js,BuildOnly
\node_modules\electron-updater\out\util.js.map,BuildOnly
\node_modules\electron-updater\out\windowsExecutableCodeSignatureVerifier.js,BuildOnly
\node_modules\electron-updater\out\windowsExecutableCodeSignatureVerifier.js.map,BuildOnly
\node_modules\electron-updater\package.json,BuildOnly
\node_modules\enabled,BuildOnly
\node_modules\enabled\index.js,BuildOnly
\node_modules\enabled\LICENSE,BuildOnly
\node_modules\enabled\package.json,BuildOnly
\node_modules\enabled\test.js,BuildOnly
\node_modules\fecha,BuildOnly
\node_modules\fecha\dist,BuildOnly
\node_modules\fecha\dist\fecha.min.js,BuildOnly
\node_modules\fecha\dist\fecha.min.js.map,BuildOnly
\node_modules\fecha\lib,BuildOnly
\node_modules\fecha\lib\fecha.js,BuildOnly
\node_modules\fecha\lib\fecha.js.map,BuildOnly
\node_modules\fecha\lib\fecha.umd.js,BuildOnly
\node_modules\fecha\lib\fecha.umd.js.map,BuildOnly
\node_modules\fecha\LICENSE,BuildOnly
\node_modules\fecha\package.json,BuildOnly
\node_modules\fecha\src,BuildOnly
\node_modules\fecha\src\fecha.ts,BuildOnly
\node_modules\fn.name,BuildOnly
\node_modules\fn.name\index.js,BuildOnly
\node_modules\fn.name\LICENSE,BuildOnly
\node_modules\fn.name\package.json,BuildOnly
\node_modules\fn.name\test.js,BuildOnly
\node_modules\fs-extra,BuildOnly
\node_modules\fs-extra\lib,BuildOnly
\node_modules\fs-extra\lib\copy,BuildOnly
\node_modules\fs-extra\lib\copy\copy.js,BuildOnly
\node_modules\fs-extra\lib\copy\copy-sync.js,BuildOnly
\node_modules\fs-extra\lib\copy\index.js,BuildOnly
\node_modules\fs-extra\lib\empty,BuildOnly
\node_modules\fs-extra\lib\empty\index.js,BuildOnly
\node_modules\fs-extra\lib\ensure,BuildOnly
\node_modules\fs-extra\lib\ensure\file.js,BuildOnly
\node_modules\fs-extra\lib\ensure\index.js,BuildOnly
\node_modules\fs-extra\lib\ensure\link.js,BuildOnly
\node_modules\fs-extra\lib\ensure\symlink.js,BuildOnly
\node_modules\fs-extra\lib\ensure\symlink-paths.js,BuildOnly
\node_modules\fs-extra\lib\ensure\symlink-type.js,BuildOnly
\node_modules\fs-extra\lib\fs,BuildOnly
\node_modules\fs-extra\lib\fs\index.js,BuildOnly
\node_modules\fs-extra\lib\index.js,BuildOnly
\node_modules\fs-extra\lib\json,BuildOnly
\node_modules\fs-extra\lib\json\index.js,BuildOnly
\node_modules\fs-extra\lib\json\jsonfile.js,BuildOnly
\node_modules\fs-extra\lib\json\output-json.js,BuildOnly
\node_modules\fs-extra\lib\json\output-json-sync.js,BuildOnly
\node_modules\fs-extra\lib\mkdirs,BuildOnly
\node_modules\fs-extra\lib\mkdirs\index.js,BuildOnly
\node_modules\fs-extra\lib\mkdirs\make-dir.js,BuildOnly
\node_modules\fs-extra\lib\mkdirs\utils.js,BuildOnly
\node_modules\fs-extra\lib\move,BuildOnly
\node_modules\fs-extra\lib\move\index.js,BuildOnly
\node_modules\fs-extra\lib\move\move.js,BuildOnly
\node_modules\fs-extra\lib\move\move-sync.js,BuildOnly
\node_modules\fs-extra\lib\output-file,BuildOnly
\node_modules\fs-extra\lib\output-file\index.js,BuildOnly
\node_modules\fs-extra\lib\path-exists,BuildOnly
\node_modules\fs-extra\lib\path-exists\index.js,BuildOnly
\node_modules\fs-extra\lib\remove,BuildOnly
\node_modules\fs-extra\lib\remove\index.js,BuildOnly
\node_modules\fs-extra\lib\remove\rimraf.js,BuildOnly
\node_modules\fs-extra\lib\util,BuildOnly
\node_modules\fs-extra\lib\util\stat.js,BuildOnly
\node_modules\fs-extra\lib\util\utimes.js,BuildOnly
\node_modules\fs-extra\LICENSE,BuildOnly
\node_modules\fs-extra\package.json,BuildOnly
\node_modules\graceful-fs,BuildOnly
\node_modules\graceful-fs\clone.js,BuildOnly
\node_modules\graceful-fs\graceful-fs.js,BuildOnly
\node_modules\graceful-fs\legacy-streams.js,BuildOnly
\node_modules\graceful-fs\LICENSE,BuildOnly
\node_modules\graceful-fs\package.json,BuildOnly
\node_modules\graceful-fs\polyfills.js,BuildOnly
\node_modules\inherits,BuildOnly
\node_modules\inherits\inherits.js,BuildOnly
\node_modules\inherits\inherits_browser.js,BuildOnly
\node_modules\inherits\LICENSE,BuildOnly
\node_modules\inherits\package.json,BuildOnly
\node_modules\is-arrayish,BuildOnly
\node_modules\is-arrayish\index.js,BuildOnly
\node_modules\is-arrayish\LICENSE,BuildOnly
\node_modules\is-arrayish\package.json,BuildOnly
\node_modules\is-stream,BuildOnly
\node_modules\is-stream\index.js,BuildOnly
\node_modules\is-stream\license,BuildOnly
\node_modules\is-stream\package.json,BuildOnly
\node_modules\jsonfile,BuildOnly
\node_modules\jsonfile\index.js,BuildOnly
\node_modules\jsonfile\LICENSE,BuildOnly
\node_modules\jsonfile\package.json,BuildOnly
\node_modules\jsonfile\utils.js,BuildOnly
\node_modules\js-yaml,BuildOnly
\node_modules\js-yaml\bin,BuildOnly
\node_modules\js-yaml\bin\js-yaml.js,BuildOnly
\node_modules\js-yaml\dist,BuildOnly
\node_modules\js-yaml\dist\js-yaml.js,BuildOnly
\node_modules\js-yaml\dist\js-yaml.min.js,BuildOnly
\node_modules\js-yaml\dist\js-yaml.mjs,BuildOnly
\node_modules\js-yaml\index.js,BuildOnly
\node_modules\js-yaml\lib,BuildOnly
\node_modules\js-yaml\lib\common.js,BuildOnly
\node_modules\js-yaml\lib\dumper.js,BuildOnly
\node_modules\js-yaml\lib\exception.js,BuildOnly
\node_modules\js-yaml\lib\loader.js,BuildOnly
\node_modules\js-yaml\lib\schema,BuildOnly
\node_modules\js-yaml\lib\schema.js,BuildOnly
\node_modules\js-yaml\lib\schema\core.js,BuildOnly
\node_modules\js-yaml\lib\schema\default.js,BuildOnly
\node_modules\js-yaml\lib\schema\failsafe.js,BuildOnly
\node_modules\js-yaml\lib\schema\json.js,BuildOnly
\node_modules\js-yaml\lib\snippet.js,BuildOnly
\node_modules\js-yaml\lib\type,BuildOnly
\node_modules\js-yaml\lib\type.js,BuildOnly
\node_modules\js-yaml\lib\type\binary.js,BuildOnly
\node_modules\js-yaml\lib\type\bool.js,BuildOnly
\node_modules\js-yaml\lib\type\float.js,BuildOnly
\node_modules\js-yaml\lib\type\int.js,BuildOnly
\node_modules\js-yaml\lib\type\map.js,BuildOnly
\node_modules\js-yaml\lib\type\merge.js,BuildOnly
\node_modules\js-yaml\lib\type\null.js,BuildOnly
\node_modules\js-yaml\lib\type\omap.js,BuildOnly
\node_modules\js-yaml\lib\type\pairs.js,BuildOnly
\node_modules\js-yaml\lib\type\seq.js,BuildOnly
\node_modules\js-yaml\lib\type\set.js,BuildOnly
\node_modules\js-yaml\lib\type\str.js,BuildOnly
\node_modules\js-yaml\lib\type\timestamp.js,BuildOnly
\node_modules\js-yaml\LICENSE,BuildOnly
\node_modules\js-yaml\package.json,BuildOnly
\node_modules\kuler,BuildOnly
\node_modules\kuler\index.js,BuildOnly
\node_modules\kuler\LICENSE,BuildOnly
\node_modules\kuler\package.json,BuildOnly
\node_modules\kuler\test.js,BuildOnly
\node_modules\lazy-val,BuildOnly
\node_modules\lazy-val\out,BuildOnly
\node_modules\lazy-val\out\main.js,BuildOnly
\node_modules\lazy-val\out\main.js.map,BuildOnly
\node_modules\lazy-val\package.json,BuildOnly
\node_modules\lodash.escaperegexp,BuildOnly
\node_modules\lodash.escaperegexp\index.js,BuildOnly
\node_modules\lodash.escaperegexp\LICENSE,BuildOnly
\node_modules\lodash.escaperegexp\package.json,BuildOnly
\node_modules\lodash.isequal,BuildOnly
\node_modules\lodash.isequal\index.js,BuildOnly
\node_modules\lodash.isequal\LICENSE,BuildOnly
\node_modules\lodash.isequal\package.json,BuildOnly
\node_modules\logform,BuildOnly
\node_modules\logform\.babelrc,BuildOnly
\node_modules\logform\align.js,BuildOnly
\node_modules\logform\browser.js,BuildOnly
\node_modules\logform\cli.js,BuildOnly
\node_modules\logform\colorize.js,BuildOnly
\node_modules\logform\combine.js,BuildOnly
\node_modules\logform\dist,BuildOnly
\node_modules\logform\dist\align.js,BuildOnly
\node_modules\logform\dist\browser.js,BuildOnly
\node_modules\logform\dist\cli.js,BuildOnly
\node_modules\logform\dist\colorize.js,BuildOnly
\node_modules\logform\dist\combine.js,BuildOnly
\node_modules\logform\dist\errors.js,BuildOnly
\node_modules\logform\dist\format.js,BuildOnly
\node_modules\logform\dist\index.js,BuildOnly
\node_modules\logform\dist\json.js,BuildOnly
\node_modules\logform\dist\label.js,BuildOnly
\node_modules\logform\dist\levels.js,BuildOnly
\node_modules\logform\dist\logstash.js,BuildOnly
\node_modules\logform\dist\metadata.js,BuildOnly
\node_modules\logform\dist\ms.js,BuildOnly
\node_modules\logform\dist\pad-levels.js,BuildOnly
\node_modules\logform\dist\pretty-print.js,BuildOnly
\node_modules\logform\dist\printf.js,BuildOnly
\node_modules\logform\dist\simple.js,BuildOnly
\node_modules\logform\dist\splat.js,BuildOnly
\node_modules\logform\dist\timestamp.js,BuildOnly
\node_modules\logform\dist\uncolorize.js,BuildOnly
\node_modules\logform\errors.js,BuildOnly
\node_modules\logform\format.js,BuildOnly
\node_modules\logform\index.js,BuildOnly
\node_modules\logform\json.js,BuildOnly
\node_modules\logform\label.js,BuildOnly
\node_modules\logform\levels.js,BuildOnly
\node_modules\logform\LICENSE,BuildOnly
\node_modules\logform\logstash.js,BuildOnly
\node_modules\logform\metadata.js,BuildOnly
\node_modules\logform\ms.js,BuildOnly
\node_modules\logform\package.json,BuildOnly
\node_modules\logform\pad-levels.js,BuildOnly
\node_modules\logform\pretty-print.js,BuildOnly
\node_modules\logform\printf.js,BuildOnly
\node_modules\logform\simple.js,BuildOnly
\node_modules\logform\splat.js,BuildOnly
\node_modules\logform\timestamp.js,BuildOnly
\node_modules\logform\tsconfig.json,BuildOnly
\node_modules\logform\uncolorize.js,BuildOnly
\node_modules\minimist,BuildOnly
\node_modules\minimist\.nycrc,BuildOnly
\node_modules\minimist\index.js,BuildOnly
\node_modules\minimist\LICENSE,BuildOnly
\node_modules\minimist\package.json,BuildOnly
\node_modules\mkdirp,BuildOnly
\node_modules\mkdirp\bin,BuildOnly
\node_modules\mkdirp\bin\cmd.js,BuildOnly
\node_modules\mkdirp\bin\usage.txt,BuildOnly
\node_modules\mkdirp\index.js,BuildOnly
\node_modules\mkdirp\LICENSE,BuildOnly
\node_modules\mkdirp\package.json,BuildOnly
\node_modules\ms,BuildOnly
\node_modules\ms\index.js,BuildOnly
\node_modules\ms\license.md,BuildOnly
\node_modules\ms\package.json,BuildOnly
\node_modules\one-time,BuildOnly
\node_modules\one-time\async.js,BuildOnly
\node_modules\one-time\index.js,BuildOnly
\node_modules\one-time\LICENSE,BuildOnly
\node_modules\one-time\package.json,BuildOnly
\node_modules\path-is-absolute,BuildOnly
\node_modules\path-is-absolute\index.js,BuildOnly
\node_modules\path-is-absolute\license,BuildOnly
\node_modules\path-is-absolute\package.json,BuildOnly
\node_modules\readable-stream,BuildOnly
\node_modules\readable-stream\CONTRIBUTING.md,BuildOnly
\node_modules\readable-stream\errors.js,BuildOnly
\node_modules\readable-stream\errors-browser.js,BuildOnly
\node_modules\readable-stream\experimentalWarning.js,BuildOnly
\node_modules\readable-stream\GOVERNANCE.md,BuildOnly
\node_modules\readable-stream\lib,BuildOnly
\node_modules\readable-stream\lib\_stream_duplex.js,BuildOnly
\node_modules\readable-stream\lib\_stream_passthrough.js,BuildOnly
\node_modules\readable-stream\lib\_stream_readable.js,BuildOnly
\node_modules\readable-stream\lib\_stream_transform.js,BuildOnly
\node_modules\readable-stream\lib\_stream_writable.js,BuildOnly
\node_modules\readable-stream\lib\internal,BuildOnly
\node_modules\readable-stream\lib\internal\streams,BuildOnly
\node_modules\readable-stream\lib\internal\streams\async_iterator.js,BuildOnly
\node_modules\readable-stream\lib\internal\streams\buffer_list.js,BuildOnly
\node_modules\readable-stream\lib\internal\streams\destroy.js,BuildOnly
\node_modules\readable-stream\lib\internal\streams\end-of-stream.js,BuildOnly
\node_modules\readable-stream\lib\internal\streams\from.js,BuildOnly
\node_modules\readable-stream\lib\internal\streams\from-browser.js,BuildOnly
\node_modules\readable-stream\lib\internal\streams\pipeline.js,BuildOnly
\node_modules\readable-stream\lib\internal\streams\state.js,BuildOnly
\node_modules\readable-stream\lib\internal\streams\stream.js,BuildOnly
\node_modules\readable-stream\lib\internal\streams\stream-browser.js,BuildOnly
\node_modules\readable-stream\LICENSE,BuildOnly
\node_modules\readable-stream\package.json,BuildOnly
\node_modules\readable-stream\readable.js,BuildOnly
\node_modules\readable-stream\readable-browser.js,BuildOnly
\node_modules\safe-buffer,BuildOnly
\node_modules\safe-buffer\index.js,BuildOnly
\node_modules\safe-buffer\LICENSE,BuildOnly
\node_modules\safe-buffer\package.json,BuildOnly
\node_modules\safe-stable-stringify,BuildOnly
\node_modules\safe-stable-stringify\esm,BuildOnly
\node_modules\safe-stable-stringify\esm\package.json,BuildOnly
\node_modules\safe-stable-stringify\esm\wrapper.js,BuildOnly
\node_modules\safe-stable-stringify\index.js,BuildOnly
\node_modules\safe-stable-stringify\LICENSE,BuildOnly
\node_modules\safe-stable-stringify\package.json,BuildOnly
\node_modules\sax,BuildOnly
\node_modules\sax\lib,BuildOnly
\node_modules\sax\lib\sax.js,BuildOnly
\node_modules\sax\LICENSE,BuildOnly
\node_modules\sax\package.json,BuildOnly
\node_modules\semver,BuildOnly
\node_modules\semver\bin,BuildOnly
\node_modules\semver\bin\semver.js,BuildOnly
\node_modules\semver\classes,BuildOnly
\node_modules\semver\classes\comparator.js,BuildOnly
\node_modules\semver\classes\index.js,BuildOnly
\node_modules\semver\classes\range.js,BuildOnly
\node_modules\semver\classes\semver.js,BuildOnly
\node_modules\semver\functions,BuildOnly
\node_modules\semver\functions\clean.js,BuildOnly
\node_modules\semver\functions\cmp.js,BuildOnly
\node_modules\semver\functions\coerce.js,BuildOnly
\node_modules\semver\functions\compare.js,BuildOnly
\node_modules\semver\functions\compare-build.js,BuildOnly
\node_modules\semver\functions\compare-loose.js,BuildOnly
\node_modules\semver\functions\diff.js,BuildOnly
\node_modules\semver\functions\eq.js,BuildOnly
\node_modules\semver\functions\gt.js,BuildOnly
\node_modules\semver\functions\gte.js,BuildOnly
\node_modules\semver\functions\inc.js,BuildOnly
\node_modules\semver\functions\lt.js,BuildOnly
\node_modules\semver\functions\lte.js,BuildOnly
\node_modules\semver\functions\major.js,BuildOnly
\node_modules\semver\functions\minor.js,BuildOnly
\node_modules\semver\functions\neq.js,BuildOnly
\node_modules\semver\functions\parse.js,BuildOnly
\node_modules\semver\functions\patch.js,BuildOnly
\node_modules\semver\functions\prerelease.js,BuildOnly
\node_modules\semver\functions\rcompare.js,BuildOnly
\node_modules\semver\functions\rsort.js,BuildOnly
\node_modules\semver\functions\satisfies.js,BuildOnly
\node_modules\semver\functions\sort.js,BuildOnly
\node_modules\semver\functions\valid.js,BuildOnly
\node_modules\semver\index.js,BuildOnly
\node_modules\semver\internal,BuildOnly
\node_modules\semver\internal\constants.js,BuildOnly
\node_modules\semver\internal\debug.js,BuildOnly
\node_modules\semver\internal\identifiers.js,BuildOnly
\node_modules\semver\internal\lrucache.js,BuildOnly
\node_modules\semver\internal\parse-options.js,BuildOnly
\node_modules\semver\internal\re.js,BuildOnly
\node_modules\semver\LICENSE,BuildOnly
\node_modules\semver\package.json,BuildOnly
\node_modules\semver\preload.js,BuildOnly
\node_modules\semver\range.bnf,BuildOnly
\node_modules\semver\ranges,BuildOnly
\node_modules\semver\ranges\gtr.js,BuildOnly
\node_modules\semver\ranges\intersects.js,BuildOnly
\node_modules\semver\ranges\ltr.js,BuildOnly
\node_modules\semver\ranges\max-satisfying.js,BuildOnly
\node_modules\semver\ranges\min-satisfying.js,BuildOnly
\node_modules\semver\ranges\min-version.js,BuildOnly
\node_modules\semver\ranges\outside.js,BuildOnly
\node_modules\semver\ranges\simplify.js,BuildOnly
\node_modules\semver\ranges\subset.js,BuildOnly
\node_modules\semver\ranges\to-comparators.js,BuildOnly
\node_modules\semver\ranges\valid.js,BuildOnly
\node_modules\simple-swizzle,BuildOnly
\node_modules\simple-swizzle\index.js,BuildOnly
\node_modules\simple-swizzle\LICENSE,BuildOnly
\node_modules\simple-swizzle\package.json,BuildOnly
\node_modules\stack-trace,BuildOnly
\node_modules\stack-trace\lib,BuildOnly
\node_modules\stack-trace\lib\stack-trace.js,BuildOnly
\node_modules\stack-trace\License,BuildOnly
\node_modules\stack-trace\Makefile,BuildOnly
\node_modules\stack-trace\package.json,BuildOnly
\node_modules\string_decoder,BuildOnly
\node_modules\string_decoder\lib,BuildOnly
\node_modules\string_decoder\lib\string_decoder.js,BuildOnly
\node_modules\string_decoder\LICENSE,BuildOnly
\node_modules\string_decoder\package.json,BuildOnly
\node_modules\text-hex,BuildOnly
\node_modules\text-hex\index.js,BuildOnly
\node_modules\text-hex\LICENSE,BuildOnly
\node_modules\text-hex\package.json,BuildOnly
\node_modules\text-hex\test.js,BuildOnly
\node_modules\tiny-typed-emitter,BuildOnly
\node_modules\tiny-typed-emitter\lib,BuildOnly
\node_modules\tiny-typed-emitter\lib\index.js,BuildOnly
\node_modules\tiny-typed-emitter\LICENSE,BuildOnly
\node_modules\tiny-typed-emitter\package.json,BuildOnly
\node_modules\triple-beam,BuildOnly
\node_modules\triple-beam\config,BuildOnly
\node_modules\triple-beam\config\cli.js,BuildOnly
\node_modules\triple-beam\config\index.js,BuildOnly
\node_modules\triple-beam\config\npm.js,BuildOnly
\node_modules\triple-beam\config\syslog.js,BuildOnly
\node_modules\triple-beam\index.js,BuildOnly
\node_modules\triple-beam\LICENSE,BuildOnly
\node_modules\triple-beam\package.json,BuildOnly
\node_modules\universalify,BuildOnly
\node_modules\universalify\index.js,BuildOnly
\node_modules\universalify\LICENSE,BuildOnly
\node_modules\universalify\package.json,BuildOnly
\node_modules\untildify,BuildOnly
\node_modules\untildify\index.js,BuildOnly
\node_modules\untildify\license,BuildOnly
\node_modules\untildify\package.json,BuildOnly
\node_modules\util-deprecate,BuildOnly
\node_modules\util-deprecate\browser.js,BuildOnly
\node_modules\util-deprecate\History.md,BuildOnly
\node_modules\util-deprecate\LICENSE,BuildOnly
\node_modules\util-deprecate\node.js,BuildOnly
\node_modules\util-deprecate\package.json,BuildOnly
\node_modules\winreg,BuildOnly
\node_modules\winreg\jsdoc.conf.json,BuildOnly
\node_modules\winreg\lib,BuildOnly
\node_modules\winreg\lib\registry.js,BuildOnly
\node_modules\winreg\package.json,BuildOnly
\node_modules\winston,BuildOnly
\node_modules\winston\dist,BuildOnly
\node_modules\winston\dist\winston,BuildOnly
\node_modules\winston\dist\winston.js,BuildOnly
\node_modules\winston\dist\winston\common.js,BuildOnly
\node_modules\winston\dist\winston\config,BuildOnly
\node_modules\winston\dist\winston\config\index.js,BuildOnly
\node_modules\winston\dist\winston\container.js,BuildOnly
\node_modules\winston\dist\winston\create-logger.js,BuildOnly
\node_modules\winston\dist\winston\exception-handler.js,BuildOnly
\node_modules\winston\dist\winston\exception-stream.js,BuildOnly
\node_modules\winston\dist\winston\logger.js,BuildOnly
\node_modules\winston\dist\winston\profiler.js,BuildOnly
\node_modules\winston\dist\winston\rejection-handler.js,BuildOnly
\node_modules\winston\dist\winston\rejection-stream.js,BuildOnly
\node_modules\winston\dist\winston\tail-file.js,BuildOnly
\node_modules\winston\dist\winston\transports,BuildOnly
\node_modules\winston\dist\winston\transports\console.js,BuildOnly
\node_modules\winston\dist\winston\transports\file.js,BuildOnly
\node_modules\winston\dist\winston\transports\http.js,BuildOnly
\node_modules\winston\dist\winston\transports\index.js,BuildOnly
\node_modules\winston\dist\winston\transports\stream.js,BuildOnly
\node_modules\winston\lib,BuildOnly
\node_modules\winston\lib\winston,BuildOnly
\node_modules\winston\lib\winston.js,BuildOnly
\node_modules\winston\lib\winston\common.js,BuildOnly
\node_modules\winston\lib\winston\config,BuildOnly
\node_modules\winston\lib\winston\config\index.js,BuildOnly
\node_modules\winston\lib\winston\container.js,BuildOnly
\node_modules\winston\lib\winston\create-logger.js,BuildOnly
\node_modules\winston\lib\winston\exception-handler.js,BuildOnly
\node_modules\winston\lib\winston\exception-stream.js,BuildOnly
\node_modules\winston\lib\winston\logger.js,BuildOnly
\node_modules\winston\lib\winston\profiler.js,BuildOnly
\node_modules\winston\lib\winston\rejection-handler.js,BuildOnly
\node_modules\winston\lib\winston\rejection-stream.js,BuildOnly
\node_modules\winston\lib\winston\tail-file.js,BuildOnly
\node_modules\winston\lib\winston\transports,BuildOnly
\node_modules\winston\lib\winston\transports\console.js,BuildOnly
\node_modules\winston\lib\winston\transports\file.js,BuildOnly
\node_modules\winston\lib\winston\transports\http.js,BuildOnly
\node_modules\winston\lib\winston\transports\index.js,BuildOnly
\node_modules\winston\lib\winston\transports\stream.js,BuildOnly
\node_modules\winston\LICENSE,BuildOnly
\node_modules\winston\package.json,BuildOnly
\node_modules\winston-transport,BuildOnly
\node_modules\winston-transport\.babelrc,BuildOnly
\node_modules\winston-transport\dist,BuildOnly
\node_modules\winston-transport\dist\index.js,BuildOnly
\node_modules\winston-transport\dist\legacy.js,BuildOnly
\node_modules\winston-transport\dist\modern.js,BuildOnly
\node_modules\winston-transport\index.js,BuildOnly
\node_modules\winston-transport\legacy.js,BuildOnly
\node_modules\winston-transport\LICENSE,BuildOnly
\node_modules\winston-transport\modern.js,BuildOnly
\node_modules\winston-transport\package.json,BuildOnly
\package.json,BuildOnly
\perf-dashboard.client.js,BuildOnly
\performance-dashboard.backup.html,BuildOnly
\performance-dashboard.backup2.html,BuildOnly
\performance-dashboard.backup3.html,BuildOnly
\performance-dashboard.html,BuildOnly
\performance-dashboard.html.bak,BuildOnly
\preload.js,BuildOnly
\README.md,BuildOnly
\renderer.js,BuildOnly
\renderer.js.bak,BuildOnly
\start.bat,BuildOnly
\style.css,BuildOnly
\style.css.bak,BuildOnly
\tests,BuildOnly
\tests\modules,BuildOnly
\tests\modules\config.test.js,BuildOnly
\tests\modules\RefreshManager.test.js,BuildOnly
\tests\modules\WindowManager.test.js,BuildOnly
\tests\utils,BuildOnly
\tests\utils\testUtils.js,BuildOnly
\TT.png,BuildOnly
\tt3.svg,BuildOnly
app-update.yml,BuildOnly
assets/ttquotes.ico,RepoOnly
config/allowlist.json,RepoOnly
defaults/favourite.json,Both
elevate.exe,BuildOnly
extended-settings.html,RepoOnly
index.html,RepoOnly
main.backup.js,RepoOnly
main.js,RepoOnly
modules/allowlist.js,RepoOnly
modules/analyticsmanager.js,RepoOnly
modules/config.js,RepoOnly
modules/displays.js,RepoOnly
modules/displayservice.js,RepoOnly
modules/extendedconfig.js,RepoOnly
modules/favorites.js,RepoOnly
modules/favourites-seed.js,RepoOnly
modules/ipc/displayhandlers.js,RepoOnly
modules/ipc/favoriteshandlers.js,RepoOnly
modules/logger.js,RepoOnly
modules/performancemonitor.js,RepoOnly
modules/refreshmanager.js,RepoOnly
modules/refreshmanagersingleton.js,RepoOnly
modules/safeload.js,RepoOnly
modules/security.js,RepoOnly
modules/updatemanager.js,RepoOnly
modules/utils.js,RepoOnly
modules/wartebildschirme.js,RepoOnly
modules/windowmanager.backup.js,RepoOnly
modules/windowmanager.js,RepoOnly
package.json,RepoOnly
package-lock.json,RepoOnly
perf-dashboard.client.js,RepoOnly
performance-dashboard.html,RepoOnly
preload.js,RepoOnly
renderer.js,RepoOnly
style.css,RepoOnly
tests/modules/config.test.js,RepoOnly
tests/modules/refreshmanager.test.js,RepoOnly
tests/modules/windowmanager.test.js,RepoOnly
tests/utils/testutils.js,RepoOnly
tt.png,RepoOnly
tt3.svg,RepoOnly
